lib_name,version,commit_hash,author,commentary,date,link,is_present
ssri,^6.0.1,0460b3a1b5c6f76006a195fdb72f5272557e6a22,Loroscio,Fix-dark-mode,2020-01-18T17:16:26+01:00,https://github.com/oranthony/site-perso-v2,YES
ssri,^6.0.1,59a12fcb04da2bb810db1605744b0349a327afa1,Anthony,Fix-few-responsive-issues,2020-01-18T17:06:13+01:00,https://github.com/oranthony/site-perso-v2,YES
ssri,^6.0.1,68b3ceccfbc3803b55dc7f775094dc4f9f4c6c10,Loroscio,Add-dark-theme,2019-06-08T10:58:29+02:00,https://github.com/oranthony/site-perso-v2,YES
ssri,^6.0.1,d1b7fbde3e2462f34cc846d2bceacc05ddac5338,Anthony,Add-cocktailize-iOS-app-privacy-policy,2019-05-21T23:04:52+02:00,https://github.com/oranthony/site-perso-v2,YES
ssri,^6.0.1,a4ed187bc4984ef423bb5e8a94c605fd50007831,Loroscio,Improve-referencing,2019-05-15T10:58:32+02:00,https://github.com/oranthony/site-perso-v2,YES
ssri,^6.0.1,72492cbb9dd87b2a64cc40c42e96c279f38475d9,Anthony,Add-title,2019-05-11T10:15:11+02:00,https://github.com/oranthony/site-perso-v2,YES
ssri,^6.0.1,0101d33d9cd03b4b5eb5fee9cca864b204e1f9d1,Loroscio,Update-meta-info,2019-05-08T15:42:50+02:00,https://github.com/oranthony/site-perso-v2,YES
ssri,^6.0.1,bc9a4fa2381868117932d7aac55e5b6b93f77266,Anthony,Nom-update,2019-05-01T16:01:44+02:00,https://github.com/oranthony/site-perso-v2,YES
ssri,^6.0.1,19949c0baeefe5100d3965eb3a3a7432de289009,Loroscio,Update-index.html,2019-05-01T15:26:11+02:00,https://github.com/oranthony/site-perso-v2,YES
ssri,^6.0.0,4ae7ede14134716034d5b5828e16b69de1af8754,Anthony,Add-google-meta,2019-05-01T15:19:42+02:00,https://github.com/oranthony/site-perso-v2,YES
ssri,^6.0.0,7ad29719d94d4e3cfb772cdec53e7bcc7d131955,Loroscio,Move-google-index-file,2019-05-01T15:15:41+02:00,https://github.com/oranthony/site-perso-v2,YES
ssri,^6.0.0,7c9b3093a88921ed50f855d69e30e292cc935df0,Anthony,Add-google-index,2019-05-01T15:13:32+02:00,https://github.com/oranthony/site-perso-v2,YES
ssri,^6.0.0,7bcb89ae785945ea495cbd97401fa198c635d07d,Loroscio,Update-readme,2018-08-20T00:30:55+02:00,https://github.com/oranthony/site-perso-v2,YES
ssri,^6.0.0,378a768657b05ec5b1b6a9902c8454631dbf36ea,Anthony,Update-readme,2018-08-20T00:29:04+02:00,https://github.com/oranthony/site-perso-v2,YES
ssri,^6.0.0,7dbbc8f681c2d57e05ee45a32b413a7bcc1561de,Loroscio,Add-link-to-portfolio,2018-06-24T23:58:25+02:00,https://github.com/oranthony/site-perso-v2,YES
ssri,^6.0.0,cc982ec989bd4fae0f6401bdfb1ccc344467d4a2,Anthony,Fix-text,2018-06-24T23:39:10+02:00,https://github.com/oranthony/site-perso-v2,YES
ssri,^6.0.0,bb4e7dcecc19b8a01f3155fe603a8c7b738d34df,Loroscio,Work-on-portfolio,2018-06-24T23:34:27+02:00,https://github.com/oranthony/site-perso-v2,YES
ssri,^6.0.0,8538313959fd5fb820a1f3ee9b2f4b74b3aac1e4,Anthony,Readme-update,2018-06-24T19:44:01+02:00,https://github.com/oranthony/site-perso-v2,YES
ssri,^6.0.0,bf997862ae78b9f6dba590320ab39499debaa74c,Loroscio,Re-fix-import,2018-06-24T19:09:33+02:00,https://github.com/oranthony/site-perso-v2,YES
ssri,^6.0.0,e2210827853728d81fe90abc674b493684a749cc,Anthony,Fix-import,2018-06-24T19:05:23+02:00,https://github.com/oranthony/site-perso-v2,YES
ssri,^6.0.0,96f0189464b9d5f2e5a75a73970543e417f2ee59,Loroscio,Add-portfolio,2018-06-24T18:59:54+02:00,https://github.com/oranthony/site-perso-v2,YES
ssri,^6.0.0,4cd46e010cbfb0ad3591efd34b633230074862d6,Anthony,Fix-content-order,2018-06-24T01:10:03+02:00,https://github.com/oranthony/site-perso-v2,YES
ssri,^6.0.0,41b01e45b1a31dc4ae96a450c82be472c9289a58,Loroscio,Add-font-family,2018-06-24T01:05:45+02:00,https://github.com/oranthony/site-perso-v2,YES
ssri,^6.0.0,00c2295474957084511a8c648255d481f66953dd,Anthony,Import-fix,2018-06-24T01:01:22+02:00,https://github.com/oranthony/site-perso-v2,YES
ssri,^6.0.0,e02d0b8b4a15644d0c9373872c2918437d111754,Loroscio,Display-fix-and-add-pdf-resume,2018-06-24T00:51:40+02:00,https://github.com/oranthony/site-perso-v2,YES
ssri,^6.0.0,4e01c134201417a6da349ae74ac04b6cf8f2b16c,Anthony,Initial-commit,2018-06-10T23:09:34+02:00,https://github.com/oranthony/site-perso-v2,YES
ssri,^6.0.0,1739ca0153c3e9399353304729b0dfcb526b3623,Loroscio,,,https://github.com/oranthony/site-perso-v2,YES
